{
  "generator-jhipster": {
    "applicationType": "monolith",
    "gitCompany": "",
    "baseName": "jhipsterSampleApplication",
    "packageName": "com.mycompany.myapp",
    "packageFolder": "com/mycompany/myapp",
    "serverPort": 8080,
    "serviceDiscoveryType": false,
    "authenticationType": "jwt",
    "uaaBaseName": "../uaa",
    "cacheProvider": "ehcache",
    "enableHibernateCache": true,
    "websocket": false,
    "databaseType": "sql",
    "devDatabaseType": "h2Disk",
    "prodDatabaseType": "mysql",
    "searchEngine": false,
    "enableSwaggerCodegen": false,
    "messageBroker": false,
    "buildTool": "maven",
    "useSass": true,
    "clientPackageManager": "npm",
    "testFrameworks": [],
    "enableTranslation": true,
    "nativeLanguage": "en",
    "languages": ["en"],
    "clientFramework": "react",
    "jhiPrefix": "jhi",
    "jhipsterVersion": "6.10.1",
    "jwtSecretKey": "MmI2YmRlOWYyMDVlN2RmN2MwZjRmMTFlMjAzNGNhZjYwZmQ3ZDBjZmU3MDU4NzYxYzM3NWNkY2ExOTFkZmMzYWU5MDQ3MzY4NzMzMzI4ZjlkNjhlNzg1Zjk0YjljOTgwOGFkOTBjMWUzMDMwY2JjNTFiNTVhOWMwYzFlODVhNTU=",
    "embeddableLaunchScript": false,
    "clientTheme": "none",
    "creationTimestamp": 1599546584485,
    "entitySuffix": "",
    "dtoSuffix": "DTO",
    "otherModules": [],
    "blueprints": [],
    "prettierJava": true
  }
}
